{"cameraMode":{"drawMode":0,"name":"Shaded","section":"Shading Mode"},"sceneLighting":false,"audioPlay":false,"sceneViewState":{"m_AlwaysRefresh":false,"showFog":true,"showSkybox":false,"showFlares":true,"showImageEffects":true,"showParticleSystems":true,"showVisualEffectGraphs":true,"m_FxEnabled":true},"in2DMode":false,"pivot":{"x":22.898195266723634,"y":0.022771835327148439,"z":22.588560104370118},"rotation":{"x":0.6678754687309265,"y":-0.06667442619800568,"z":0.060272108763456348,"w":0.7388305068016052},"size":1.9655812978744507,"orthographic":true}