{"cameraMode":{"drawMode":0,"name":"Shaded","section":"Shading Mode"},"sceneLighting":false,"audioPlay":false,"sceneViewState":{"m_AlwaysRefresh":false,"showFog":true,"showSkybox":false,"showFlares":true,"showImageEffects":true,"showParticleSystems":true,"showVisualEffectGraphs":true,"m_FxEnabled":true},"in2DMode":false,"pivot":{"x":33.24496841430664,"y":0.035264015197753909,"z":21.35288429260254},"rotation":{"x":0.6678754687309265,"y":-0.06667442619800568,"z":0.060272108763456348,"w":0.7388305068016052},"size":4.008603096008301,"orthographic":true}