{"cameraMode":{"drawMode":0,"name":"Shaded","section":"Shading Mode"},"sceneLighting":false,"audioPlay":false,"sceneViewState":{"m_AlwaysRefresh":false,"showFog":true,"showSkybox":false,"showFlares":true,"showImageEffects":true,"showParticleSystems":true,"showVisualEffectGraphs":true,"m_FxEnabled":true},"in2DMode":false,"pivot":{"x":38.89625549316406,"y":0.028342247009277345,"z":20.067779541015626},"rotation":{"x":0.6678754687309265,"y":-0.06667442619800568,"z":0.060272108763456348,"w":0.7388305068016052},"size":2.677149534225464,"orthographic":true}