{"cameraMode":{"drawMode":0,"name":"Shaded","section":"Shading Mode"},"sceneLighting":false,"audioPlay":false,"sceneViewState":{"m_AlwaysRefresh":false,"showFog":true,"showSkybox":false,"showFlares":true,"showImageEffects":true,"showParticleSystems":true,"showVisualEffectGraphs":true,"m_FxEnabled":true},"in2DMode":false,"pivot":{"x":29.305618286132814,"y":0.022771835327148439,"z":23.8350830078125},"rotation":{"x":0.6678754687309265,"y":-0.06667442619800568,"z":0.060272108763456348,"w":0.7388305068016052},"size":2.6519875526428224,"orthographic":true}