{"cameraMode":{"drawMode":0,"name":"Shaded","section":"Shading Mode"},"sceneLighting":true,"audioPlay":false,"sceneViewState":{"m_AlwaysRefresh":false,"showFog":true,"showSkybox":true,"showFlares":true,"showImageEffects":true,"showParticleSystems":true,"showVisualEffectGraphs":true,"m_FxEnabled":true},"in2DMode":false,"pivot":{"x":98.86503601074219,"y":216.60379028320313,"z":49.36472702026367},"rotation":{"x":0.6411278247833252,"y":-0.006906351540237665,"z":0.005770259536802769,"w":0.7673817873001099},"size":120.33673858642578,"orthographic":true}