{"cameraMode":{"drawMode":0,"name":"Shaded","section":"Shading Mode"},"sceneLighting":true,"audioPlay":false,"sceneViewState":{"m_AlwaysRefresh":false,"showFog":true,"showSkybox":true,"showFlares":true,"showImageEffects":true,"showParticleSystems":true,"showVisualEffectGraphs":true,"m_FxEnabled":true},"in2DMode":false,"pivot":{"x":423.88079833984377,"y":217.67794799804688,"z":-65.8922119140625},"rotation":{"x":0.020934617146849633,"y":0.07790376991033554,"z":-0.0016362203750759364,"w":0.9967398047447205},"size":262.3200378417969,"orthographic":true}