{"cameraMode":{"drawMode":0,"name":"Shaded","section":"Shading Mode"},"sceneLighting":true,"audioPlay":false,"sceneViewState":{"m_AlwaysRefresh":false,"showFog":true,"showSkybox":true,"showFlares":true,"showImageEffects":true,"showParticleSystems":true,"showVisualEffectGraphs":true,"m_FxEnabled":true},"in2DMode":false,"pivot":{"x":0.01359790563583374,"y":1.5604746341705323,"z":-0.012680232524871827},"rotation":{"x":0.5283052921295166,"y":-0.46235328912734988,"z":0.4307272136211395,"w":0.567097544670105},"size":24.568355560302736,"orthographic":true}