{"cameraMode":{"drawMode":0,"name":"Shaded","section":"Shading Mode"},"sceneLighting":false,"audioPlay":false,"sceneViewState":{"m_AlwaysRefresh":false,"showFog":true,"showSkybox":false,"showFlares":true,"showImageEffects":true,"showParticleSystems":true,"showVisualEffectGraphs":true,"m_FxEnabled":true},"in2DMode":false,"pivot":{"x":26.020523071289064,"y":0.023948192596435548,"z":22.635927200317384},"rotation":{"x":0.6678754687309265,"y":-0.06667442619800568,"z":0.060272108763456348,"w":0.7388305068016052},"size":2.9236533641815187,"orthographic":true}