{"cameraMode":{"drawMode":0,"name":"Shaded","section":"Shading Mode"},"sceneLighting":false,"audioPlay":false,"sceneViewState":{"m_AlwaysRefresh":false,"showFog":true,"showSkybox":false,"showFlares":true,"showImageEffects":true,"showParticleSystems":true,"showVisualEffectGraphs":true,"m_FxEnabled":true},"in2DMode":false,"pivot":{"x":-0.01937776803970337,"y":0.2852700352668762,"z":-0.06387530267238617},"rotation":{"x":0.37140387296676638,"y":0.14478760957717896,"z":-0.05875557288527489,"w":0.915229320526123},"size":0.8569847941398621,"orthographic":false}